file_name,energy_mean,energy_std,magnitude_mean,magnitude_std,zcr_mean,zcr_std,rms_mean,peak_factor_mean,spectral_centroid_mean,spectral_bandwidth_mean,frame_count
audio_0_1_xiugai_vad_processed.wav,2.941116173992743,4.872089192729518,0.038695544031939456,0.04713580341869105,0.05004573170731707,0.039054393120692324,0.054151967594928296,2.9780351931534357,23.762175246667937,33.828990271394034,82
audio_0_2_xiugai_vad_processed.wav,3.1648211279953853,4.720951436824451,0.03959637655613477,0.04669241547920284,0.0777801724137931,0.07916013992798743,0.05728780149483939,3.355347762431029,31.35589948501654,37.3787661650217,58
audio_0_3_xiugai_vad_processed.wav,1.7410969049429894,3.0690755096757965,0.029770114250648943,0.03613700359774682,0.05184931506849315,0.044151101456303916,0.041674899569529696,2.879879665021557,23.019238182383244,33.20342793845911,73
audio_0_4_xiugai_vad_processed.wav,2.5135354043051885,2.7498800931176177,0.043371220757953015,0.0371431529406161,0.0844375,0.050779817287481446,0.06021120364965551,3.1388178051317706,31.64379857749883,36.68623654993934,40
audio_0_5_xiugai_vad_processed.wav,0.9639273926890967,1.0689910996499337,0.02484373395632917,0.020804342112993833,0.15465625,0.09061206265413839,0.037316436753659775,3.8227484432722845,44.48734848469677,35.904144513419716,40
audio_1_1_xiugai_vad_processed.wav,0.5831412175777163,0.9509126033083728,0.016674995118695118,0.022123759035405775,0.1295719178082192,0.07839961166135186,0.023133824688046003,3.3322298464739806,46.37701376452717,44.279641076502635,73
audio_1_2_xiugai_vad_processed.wav,3.8959094714880735,3.539153857817164,0.05554370523507559,0.040473762225700365,0.0841875,0.042629902577298956,0.07960152400928597,3.311913327151572,42.35241778730169,46.39456593845173,40
audio_1_3_xiugai_vad_processed.wav,0.36017681366592585,0.3405478410089491,0.015593322539292232,0.011723753792931503,0.2602205882352941,0.10528212735707067,0.023886155009610808,4.080158515637052,69.72562300824416,48.436652459606535,34
audio_1_4_xiugai_vad_processed.wav,2.1759936475092814,2.3404395871478854,0.03791242033868712,0.031192866038239418,0.1369375,0.055975685290579516,0.05662244530961227,3.531189356597262,51.76353870796656,50.15449528158727,40
audio_1_5_xiugai_vad_processed.wav,0.5259756296093261,0.5784603704528597,0.01951498802121386,0.01678236247758816,0.15229729729729732,0.06917803700240568,0.027672977409710323,3.5764258967830473,55.974044551210426,49.014311880883064,37
audio_2_1_xiugai_vad_processed.wav,6.533144711523249,7.08587922575435,0.0681449864810558,0.057590128061240205,0.13371323529411763,0.04561516341799642,0.09799227002101726,3.4940347949392905,34.11581768378169,31.41168196719343,34
audio_2_2_xiugai_vad_processed.wav,3.724739899938126,7.125017442826837,0.03728830394038631,0.05516249042059727,0.07034482758620692,0.04846223261971651,0.054248944831312915,3.095775999018679,23.86189271016515,28.426966122200408,58
audio_2_3_xiugai_vad_processed.wav,5.17855819258579,6.230877621096676,0.05555844954586954,0.050832241660240494,0.1099264705882353,0.020673275001991304,0.08334309828606788,3.7282464524007644,30.137644242055142,28.3143031109231,34
audio_2_4_xiugai_vad_processed.wav,8.63862804928481,11.037396214162854,0.07245080479149292,0.07301783998172524,0.09220588235294118,0.025886948121495175,0.10414464822577274,3.461105336246508,30.49695736617636,30.595011551784896,34
audio_2_5_xiugai_vad_processed.wav,5.054623531611227,7.830656255729593,0.051830250570269694,0.05824429863545988,0.09587837837837837,0.05020638559114867,0.0743901097673205,3.3333335306507905,28.798737959968967,29.69317896760747,37
audio_3_1_xiugai_vad_processed.wav,2.71956334771783,5.429422875274636,0.03138321182368988,0.04752955072901531,0.1317105263157895,0.2146757655095037,0.04505314287195919,3.1974550113933384,37.04687522983385,32.99675731109149,76
audio_3_2_xiugai_vad_processed.wav,1.5794889219466788,2.3911686222257584,0.030307191308630892,0.0330214460998708,0.2724318181818181,0.31274866635332776,0.04301056672550145,3.477566347835508,66.40897010184743,32.39197573367365,55
audio_3_3_xiugai_vad_processed.wav,3.981068610301045,5.560700145427478,0.05085194086644459,0.04912457868031576,0.3178804347826087,0.34589860814580087,0.07237773232012015,3.7466599738117927,71.29971688294896,31.960703046853332,46
audio_3_4_xiugai_vad_processed.wav,3.0384074356897703,3.3147159754227036,0.04836285134420709,0.03486573993268647,0.3010326086956522,0.34311772922801004,0.07013182001197787,3.6618620648585143,66.35073521435888,29.87751833648963,46
audio_3_5_xiugai_vad_processed.wav,4.261572766936677,5.84384858231442,0.05416635197623679,0.0460794828194231,0.26514423076923077,0.3186771837874747,0.07838312027459894,3.6083763829304205,60.658391965236056,32.45490733796852,52
audio_4_1_xiugai_vad_processed.wav,0.6196069343028845,0.6603643055971109,0.022106314270913613,0.015562949309462164,0.42357142857142854,0.3504519676541324,0.03207078265550546,3.748747363099572,93.79301939792185,39.104469093377375,49
audio_4_2_xiugai_vad_processed.wav,0.6048079433074764,0.7213631428039805,0.022141900788547664,0.01546700519153361,0.3874038461538462,0.3594292890560825,0.031755988262758994,3.5170268738103228,86.18636755861513,35.61622179197483,52
audio_4_3_xiugai_vad_processed.wav,0.312346406557484,0.32548070473924434,0.015998866961400116,0.010991908923909095,0.3598837209302325,0.3287529085061773,0.02298613925378626,3.6407639076287106,81.45747075756077,40.04190554259859,43
audio_4_4_xiugai_vad_processed.wav,1.9424177903884938,1.9659526271813863,0.043600390795399194,0.028503414336866126,0.1870294117647059,0.2927520266965681,0.05877541591997995,2.780859320744776,48.080169572137024,36.01985300708621,85
audio_4_5_xiugai_vad_processed.wav,0.6024510422165916,0.5569077947189013,0.022541523983911575,0.014997400157808368,0.35055288461538464,0.35717419034876297,0.03243460419159848,3.596709769717532,77.6196413407884,34.55340673848893,52
audio_5_1_xiugai_vad_processed.wav,0.015784425820287752,0.013412683185870777,0.0037178321848613627,0.0022969033867413814,0.062,0.0598110661697619,0.005314348965376363,3.2472875700811956,22.522725376913215,31.16396537203863,55
audio_5_2_xiugai_vad_processed.wav,0.023672777656763903,0.02087094735640185,0.00494595797618545,0.0025159862477391478,0.0671470588235294,0.05034754643998009,0.006865660226060178,3.090213644225489,21.603592536447504,25.96494207931844,85
audio_5_3_xiugai_vad_processed.wav,0.031552081271035606,0.007680007950912948,0.006413263346838426,0.0009401428022900438,0.03025,0.0030516389039334266,0.00881428495444499,2.803973445147904,10.391201895381224,18.60890372017877,10
audio_5_4_xiugai_vad_processed.wav,0.7623932803472849,1.0780943585444291,0.02293080420648566,0.021989153416868846,0.023647959183673472,0.02043505880804188,0.03161311250515272,2.6022839732471748,12.370978082068046,24.288744471457886,49
audio_5_5_xiugai_vad_processed.wav,0.029626376039012352,0.012415134075287567,0.00597577833754441,0.0015337846259191395,0.025961538461538466,0.002088996248307733,0.00839206160840403,2.997646463449562,9.571569088605184,19.860374926004628,13
audio_6_1_xiugai_vad_processed.wav,8.334734572853815,10.281606167696001,0.07549373122713254,0.07088148381102154,0.08956249999999999,0.04069661956170316,0.10507089069027886,3.2342931532463637,32.738179676599955,36.985789159829835,40
audio_6_2_xiugai_vad_processed.wav,8.891038225638358,11.603557559520688,0.0785650407553726,0.07475875191954787,0.07549999999999998,0.025200446424617162,0.10832742373544468,3.139313994946717,29.801736505600978,33.391535372930136,40
audio_6_3_xiugai_vad_processed.wav,6.321483269782262,10.194807621871968,0.06223879863813184,0.06864079810193956,0.0821195652173913,0.06402056265989252,0.08449872711062109,3.0393266517842443,29.436965871319845,33.99914804480322,46
audio_6_4_xiugai_vad_processed.wav,12.53927445693956,14.943415662423504,0.09647400123557244,0.0858306976542576,0.07897058823529413,0.03349779210820569,0.1325560382040122,3.094336797265637,28.262401311272097,32.74656110929812,34
audio_6_5_xiugai_vad_processed.wav,9.021897513269533,10.4546605592309,0.08107742489416349,0.07019752544773154,0.10233108108108108,0.06350287432455252,0.1134837025986211,3.2436463391924284,31.312192144984703,34.087279987650426,37
audio_7_1_xiugai_vad_processed.wav,4.47135072511146,3.8373967986836583,0.06150178449284678,0.03770835816168871,0.32681818181818184,0.21995425895639723,0.08998545595931721,3.801967067813319,72.42278949555325,35.13696507051068,55
audio_7_2_xiugai_vad_processed.wav,3.747711949002203,3.351383119692771,0.05552174240091356,0.03630847273803349,0.2884855769230769,0.210442576293332,0.08064997255382528,3.81977816850618,67.43516751418116,35.954854502028084,52
audio_7_3_xiugai_vad_processed.wav,4.348758062931973,3.3312109670583423,0.062055679268295104,0.038524176199528304,0.2756377551020408,0.20534442855811402,0.08857036309421551,3.8466943204339654,67.08668828519987,35.91422306951882,49
audio_7_4_xiugai_vad_processed.wav,5.15170587879538,4.269279381008809,0.06578556375547849,0.04370443033306924,0.29584090909090915,0.24301562502905952,0.09440484094889405,3.724233634004698,71.6439843360115,37.0639207809823,55
audio_7_5_xiugai_vad_processed.wav,3.138673582462681,3.527809856851067,0.04803811231359384,0.03942426708203,0.27099609375,0.2333360492911537,0.06852084665375474,3.7498960312839746,68.73131879532995,36.66482262864554,64
audio_8_1_xiugai_vad_processed.wav,7.061391526015757,6.941454480348281,0.07450743684594684,0.055943104150021725,0.12926470588235292,0.016036830447312453,0.1063476832248526,3.6709303355724763,34.28090618263414,30.61873932048452,34
audio_8_2_xiugai_vad_processed.wav,7.359955853391119,6.503652452055882,0.07520244528534119,0.053619621312584013,0.12444852941176468,0.02339555791577349,0.11026029058331634,3.6726209308026547,35.21914624798651,33.15107828567528,34
audio_8_3_xiugai_vad_processed.wav,9.483824008582967,10.634964777888388,0.07635767452520698,0.07467112937528488,0.15453488372093024,0.08071493013016062,0.11066339946711021,3.9887460329079474,42.34844303606772,35.979246428077204,43
audio_8_4_xiugai_vad_processed.wav,7.427879269709271,7.064064151091478,0.0725142535376624,0.05837618627212022,0.12574324324324324,0.011881521891338091,0.10619167997389772,3.7740175169494474,34.31453307728993,31.791464839323403,37
audio_8_5_xiugai_vad_processed.wav,9.385270222488101,8.017974415283598,0.08493226569926754,0.06165543942390521,0.1313970588235294,0.03048740805927933,0.12424363715120045,3.5659239000275167,37.85362165658768,32.22760363505529,34
audio_9_1_xiugai_vad_processed.wav,3.5226963980121937,6.037855124992167,0.04363480096495057,0.04910627259793632,0.15198979591836734,0.1885057918721494,0.06240708490175591,3.424888250634027,38.465594702553844,29.830819166150633,49
audio_9_2_xiugai_vad_processed.wav,2.3539674895856217,3.909520386670856,0.0353843523366853,0.04088123858289069,0.11505813953488374,0.15737627880790164,0.0501368547023763,3.1458100439433583,31.534599985543313,28.77958320330102,43
audio_9_3_xiugai_vad_processed.wav,3.629508405558301,6.577578307444491,0.04191110847437252,0.05228213068523999,0.11130434782608693,0.13776036527958965,0.05957332484485105,3.2269819373200472,30.631430310052146,29.265090112513004,46
audio_9_4_xiugai_vad_processed.wav,3.2022930976466193,5.65080752791403,0.04489157244501452,0.044970753050086985,0.1565,0.20342610898845268,0.06310942592817648,3.3130264013106197,39.55928916461415,28.738007523206736,55
audio_9_5_xiugai_vad_processed.wav,6.433588229049148,7.283538465972786,0.0725590394118808,0.05334624703436293,0.1004591836734694,0.1410028526536838,0.10223532385731815,3.2202417970710924,28.123157884722332,27.323744325950884,49
audio_cheng_1_xiugai_vad_processed.wav,3.9355073324159844,5.568062812278022,0.050942760726358546,0.05111078962438116,0.16269230769230775,0.1690057507512163,0.07078811490808319,3.227535131589676,39.99955191528999,29.624045873636298,52
audio_cheng_2_xiugai_vad_processed.wav,2.6554377716906927,3.4414979971239914,0.04313619912413294,0.03929121005111464,0.145,0.16649063833459593,0.06032518013498274,3.2831338147614093,36.16218432490032,29.769065306152047,49
audio_cheng_3_xiugai_vad_processed.wav,2.7567172908509696,4.254759067759882,0.041810562033611116,0.042152302136792844,0.17288461538461541,0.1831727488387936,0.05865006376802843,3.2708488317536433,40.675081955635925,32.01518928789552,52
audio_cheng_4_xiugai_vad_processed.wav,2.721260481191376,3.6896386011335247,0.04194880865165939,0.04199798755685264,0.10831632653061225,0.14201662355547487,0.058801470142535214,3.2192964030611,29.230540858707297,26.504437218405847,49
audio_cheng_5_xiugai_vad_processed.wav,4.252350521044563,4.809858100382727,0.05584011889559755,0.04723247420082735,0.1340086206896552,0.17930778036130363,0.07934305697886161,3.3159607323470555,33.38688891131673,27.329050023548266,58
audio_dai_1_xiugai_vad_processed.wav,2.466635917492923,5.265245659763728,0.028068226015369718,0.046404111768914055,0.2085820895522388,0.12615971271389168,0.04174683044314671,3.989576922349469,61.19396101447644,46.378883646699016,67
audio_dai_2_xiugai_vad_processed.wav,3.706867896133415,5.234608073148165,0.04645840878718398,0.04538061312892721,0.2320625,0.12416960112583916,0.07022124350178371,4.183298278247718,53.16120189581072,36.26321198799489,40
audio_dai_3_xiugai_vad_processed.wav,2.1485976708800987,4.734491369721585,0.02534341481997271,0.04085187004541504,0.15824999999999997,0.12180953369913212,0.039089651225663796,3.8904115712548375,49.608114791946825,43.21093496072216,70
audio_dai_4_xiugai_vad_processed.wav,3.554977678422568,5.186701925173771,0.04473171938219546,0.04403691645583546,0.22881756756756758,0.12544446182351526,0.0678513322615,4.155379208378998,52.72534746800968,35.74459919224737,37
audio_dai_5_xiugai_vad_processed.wav,4.130820503479109,5.702326944401259,0.05007951585281149,0.048238579379219604,0.12866279069767445,0.061654393167585135,0.07333339350550597,3.798852973054118,38.26271318242953,35.71611455792481,43
audio_fang_1_xiugai_vad_processed.wav,3.68295950836463,6.213245316465878,0.040854528009164226,0.050507610674754455,0.17881818181818182,0.12065715378845375,0.06013733255389434,3.6805275333898098,47.24906432755043,43.46048906237503,55
audio_fang_2_xiugai_vad_processed.wav,7.1078926467551495,9.442422011230299,0.06703497594179239,0.06434981141827337,0.08981249999999999,0.04765234615157999,0.09622722007743487,3.2271986772952177,31.7475833518115,36.944965348692065,40
audio_fang_3_xiugai_vad_processed.wav,3.6086956348151427,6.92033194266591,0.040415188565541965,0.052795089098024654,0.21471311475409835,0.21687709859175308,0.057960078609243106,3.5923470072247565,54.37020358509128,39.64800826583709,61
audio_fang_4_xiugai_vad_processed.wav,6.258163504373695,7.2368508368889595,0.06634207156284855,0.05660208623157338,0.08575,0.06199596761080514,0.09506145218195505,3.4116647971075444,29.451498554642637,34.91297233640172,40
audio_fang_5_xiugai_vad_processed.wav,2.5967353228240895,6.72153643566724,0.027033683369828927,0.05174536240792984,0.24319117647058824,0.20982560211875545,0.03771577909529983,3.682119271523742,61.357091297456165,44.042102185729334,85
audio_gu_1_xiugai_vad_processed.wav,5.03286149487024,5.952001785063265,0.05783752421862718,0.06126360915942936,0.09595454545454545,0.09324758211475476,0.0773946151937883,3.152449129060347,32.645822129221294,39.38062466346055,55
audio_gu_2_xiugai_vad_processed.wav,17.04186446540856,11.609758808240494,0.13000121294070416,0.07493731116842917,0.0368918918918919,0.005677284199351353,0.17849886878451934,3.0502582801731233,15.868269872440925,30.511031107837123,37
audio_gu_3_xiugai_vad_processed.wav,10.418939376633523,9.006159075878967,0.09394800968795616,0.06967397062239851,0.05574999999999999,0.05099080799516712,0.12984585514338903,2.9802595938050813,22.94536930027599,38.7828883156413,40
audio_gu_4_xiugai_vad_processed.wav,7.580276052281095,8.730806575613391,0.07209253142516438,0.07549032048367343,0.19280172413793106,0.21280154952393077,0.09524635356530231,2.6786418228450577,44.000968488270196,40.23420908137888,58
audio_gu_5_xiugai_vad_processed.wav,15.373236746378238,15.387976630336334,0.10998871921765209,0.09398126759767186,0.04,0.011688794077095558,0.14964105330359356,2.919026846792466,20.054904298703125,39.16294075094375,43
audio_han_1_xiugai_vad_processed.wav,3.183270879600769,6.6542417294935445,0.035419973318516026,0.04858861884631749,0.11932432432432433,0.07355970329513155,0.052503960169882596,3.636998315308753,35.123087145753765,33.194695679519306,37
audio_han_2_xiugai_vad_processed.wav,2.132567262942123,4.3704845278488875,0.03354116432575641,0.03644881306357607,0.1304081632653061,0.12848940532316225,0.04859232310115758,3.3086642350909283,35.793748916095296,32.81148631575144,49
audio_han_3_xiugai_vad_processed.wav,1.7814215723138918,4.987119530274428,0.021965203983512156,0.03904332194188037,0.17597014925373133,0.1397492124933627,0.03256106278481425,3.7701268554763643,44.83879868544277,34.7337231561973,67
audio_han_4_xiugai_vad_processed.wav,3.187449711507638,2.9073107223375803,0.0502964900772547,0.03589797291205574,0.07290697674418606,0.05028676554059072,0.07258963122478883,3.4284273794744937,22.612748951669047,26.51650627648602,43
audio_han_5_xiugai_vad_processed.wav,3.154756144960182,3.8174428836112178,0.04648162789265205,0.03932742022798135,0.10334134615384617,0.08744047465449428,0.06748521302652485,3.4109598432176167,30.86003564245031,30.599541411906124,52
audio_hao_1_xiugai_vad_processed.wav,6.635289194463427,10.237856585256548,0.06270283285213277,0.06494020789710472,0.15106250000000002,0.132191725700779,0.089677635202358,3.4953330403088274,41.49100578027293,34.41666699082998,40
audio_hao_2_xiugai_vad_processed.wav,2.5680499485681048,6.0300379146753516,0.03081129425428087,0.0475296006522994,0.16864285714285718,0.12999291581953729,0.04385331159515026,3.6999672421289858,46.98166833211476,40.18774634844273,70
audio_hao_3_xiugai_vad_processed.wav,4.385582803408066,5.8240072110096675,0.05424607211717736,0.049817256196370376,0.17221875,0.13368266047224486,0.07729470519996764,3.561508927372123,46.96159675044706,38.51596923053411,40
audio_hao_4_xiugai_vad_processed.wav,5.812396778627947,8.818585737226936,0.06131793593967423,0.060060780315170856,0.15731250000000002,0.13839186606787987,0.08686438844222995,3.557760378203411,39.49816112958028,32.30151422555009,40
audio_hao_5_xiugai_vad_processed.wav,4.904004085672959,7.031251100610006,0.055615443651785335,0.05455300854631384,0.16108695652173913,0.1193698378964841,0.07909534163284472,3.6068136099885244,46.246396906839514,38.596241606399005,46
audio_noise_0_1_xiugai_jiazao_vad_processed.wav,3.1074943375162976,4.899128398592356,0.04536514370476244,0.0430240791383043,0.3201524390243902,0.17861951469712523,0.06371539114104764,3.2036205564358724,80.3723849748224,57.795315936673475,82
audio_noise_0_2_xiugai_jiazao_vad_processed.wav,3.3258132951738344,4.735887611214957,0.047253645748692265,0.04185791782701779,0.31771551724137936,0.18770694584334355,0.0674570248598666,3.233491208886629,78.49281032455795,57.30480006437647,58
audio_noise_0_3_xiugai_jiazao_vad_processed.wav,1.8948157824454783,3.0608845366019453,0.036425457501637885,0.03226803917226361,0.330445205479452,0.14982200767531412,0.05125718189450426,3.1937364912769306,83.17974723358093,58.92734121938523,73
audio_noise_0_4_xiugai_jiazao_vad_processed.wav,2.66165051805718,2.731713957641949,0.048610312919316195,0.03248453246997896,0.27875,0.1570320429084459,0.06774371984292933,3.166750563289453,77.25844301202366,57.300892993015566,40
audio_noise_0_5_xiugai_jiazao_vad_processed.wav,1.06143648308386,1.0719725132691507,0.030155400747500376,0.016759480607109488,0.3838953488372093,0.11105506481123292,0.04432380982093164,3.7257937259579856,86.57010333162825,54.967427563263726,43
audio_noise_1_1_xiugai_jiazao_vad_processed.wav,0.7387172303984689,0.9428250616093135,0.02592584356555641,0.017023045391937754,0.39575342465753427,0.13981683525161973,0.035776874748741215,3.080214815642421,91.13139552478158,58.62367720892949,73
audio_noise_1_2_xiugai_jiazao_vad_processed.wav,4.030856642560728,3.531062972115219,0.0598693776211768,0.03553686794137054,0.24675000000000002,0.16262130088029672,0.08586676277490182,3.3084754611633875,73.90600782005741,57.41666473091394,40
audio_noise_1_3_xiugai_jiazao_vad_processed.wav,0.5072085902371621,0.323192970449227,0.023076235977839678,0.007277145222148393,0.4276470588235294,0.06777976114417375,0.03358959987416205,3.7865904047872903,93.03135216699323,55.41596970877517,34
audio_noise_1_4_xiugai_jiazao_vad_processed.wav,2.3120014644073743,2.3185838077926406,0.04358391017946132,0.026698879706162252,0.31618749999999995,0.12871478583966178,0.06407733327098239,3.4711847778113736,81.60879259498532,57.70485524911518,40
audio_noise_1_5_xiugai_jiazao_vad_processed.wav,0.6949576727096035,0.5935539756797196,0.02668998736855238,0.01232491731926626,0.3622297297297298,0.12962365454979996,0.03767997832024143,3.4160479609933483,88.83215928272249,59.096474624386936,37
audio_noise_2_1_xiugai_jiazao_vad_processed.wav,6.706455096645634,7.120946462614339,0.07319842520484175,0.053077759409546454,0.2640441176470588,0.15453442257152797,0.10479155686393346,3.3711556557025766,68.51440642366768,52.87380045042384,34
audio_noise_2_2_xiugai_jiazao_vad_processed.wav,3.8658006811139263,7.100630480392526,0.045467334153757616,0.05043617829459312,0.3607758620689655,0.16703177408891792,0.06541141589432986,3.2022040805133716,82.10569016610053,55.92113981787425,58
audio_noise_2_3_xiugai_jiazao_vad_processed.wav,5.348724852359241,6.247885177935637,0.061238956999516425,0.04632681641051615,0.2823529411764706,0.16882263270923983,0.09089356162915696,3.528021595053193,70.57481859963391,53.42417090750812,34
audio_noise_2_4_xiugai_jiazao_vad_processed.wav,8.76796709954231,10.988936901425896,0.07776571476854574,0.06861366547299773,0.27279411764705885,0.1783788976921556,0.11131754149259313,3.35573839724629,69.84279055682447,53.06804012512356,34
audio_noise_2_5_xiugai_jiazao_vad_processed.wav,5.2526067962077185,7.9031082775680535,0.057875646980864344,0.05455782423563338,0.2847972972972973,0.1591800977076246,0.08289536752277878,3.315567437821829,73.6446950458691,55.04028818151762,37
audio_noise_3_1_xiugai_jiazao_vad_processed.wav,5.696778015142272,6.647860586155001,0.06597014341167949,0.04973540600315114,0.3277702702702702,0.22578300975609647,0.09490683517827438,3.56207707349909,78.12689835356413,53.559704761968305,37
audio_noise_3_2_xiugai_jiazao_vad_processed.wav,1.7491987391058617,2.4006065435261252,0.03761278386915764,0.02878524629208383,0.4431363636363636,0.22696776812709563,0.05261149419512274,3.3280012158267986,93.91272501593357,56.41631797703603,55
audio_noise_3_3_xiugai_jiazao_vad_processed.wav,4.156758909757597,5.58251389967695,0.056085401312525596,0.04536746147375381,0.4348913043478261,0.264035342517434,0.07963639651631692,3.671675596859888,94.02223076815987,54.18243279016475,46
audio_noise_3_4_xiugai_jiazao_vad_processed.wav,3.2189724651513703,3.3530540989251145,0.05280448348301617,0.031237197521027254,0.41005434782608696,0.27314815672922754,0.07647592829732949,3.698460751241018,90.42501707190954,54.099920561037635,46
audio_noise_3_5_xiugai_jiazao_vad_processed.wav,4.437707700763331,5.825963345478322,0.058206053428594424,0.043265157734023965,0.3600961538461538,0.24840934421414063,0.08411436412555527,3.7765452752225084,83.03865729346677,54.566047949388846,52
audio_noise_4_1_xiugai_jiazao_vad_processed.wav,0.7887362505065016,0.6829111994117535,0.028358699452163866,0.011996126823364374,0.535561224489796,0.20069221110571436,0.0405970483926603,3.6062951703120354,106.67550462281284,57.66744151264383,49
audio_noise_4_2_xiugai_jiazao_vad_processed.wav,0.7653709807203223,0.7139583379057466,0.02790837217753665,0.01198210434450136,0.49158653846153844,0.21099468461118068,0.03992164634759075,3.5192812520006744,103.30139048691805,57.96930133804214,52
audio_noise_4_3_xiugai_jiazao_vad_processed.wav,0.4759656808903758,0.33377199046275413,0.022789739558419567,0.0073306758396297945,0.474593023255814,0.17251384359057914,0.03261536850618667,3.608675620531751,100.76669644489192,58.20219684063296,43
audio_noise_4_4_xiugai_jiazao_vad_processed.wav,2.1016397450136903,1.981294446957893,0.04706972865229056,0.025817145771286302,0.3038529411764706,0.24519096787329586,0.06413734364276974,3.1020173465895002,84.53406556746766,61.63435653708564,85
audio_noise_4_5_xiugai_jiazao_vad_processed.wav,0.7695647467022889,0.5676227824964508,0.028474367662104698,0.011233645302234347,0.4654807692307692,0.2231042133506064,0.04069878551503937,3.59930699953837,98.45873929465675,58.62376083895768,52
audio_noise_5_1_xiugai_jiazao_vad_processed.wav,0.17411025902306257,0.01625218283357734,0.015233206060766127,0.0006089789258492746,0.49013636363636354,0.029952303682150534,0.02084094459256344,3.107071399789049,96.87095975777012,58.761780990752065,55
audio_noise_5_2_xiugai_jiazao_vad_processed.wav,0.19131518202790382,0.029040689099762148,0.015756508402524006,0.0008928461059911847,0.4615,0.03097781464209507,0.02180984437251744,3.1309189097226158,93.71002484395673,59.730213041102516,40
audio_noise_5_3_xiugai_jiazao_vad_processed.wav,0.17536905186683663,0.017555076869239575,0.015243764768977675,0.0006863093316378941,0.47630434782608694,0.02737987166516227,0.0209122311992185,3.159950587507394,96.04451035805985,58.8635424192497,46
audio_noise_5_4_xiugai_jiazao_vad_processed.wav,0.9179469210239647,1.0813996155549752,0.029519213317914995,0.018033702595248616,0.32262755102040813,0.16100573670259502,0.04096627788322491,2.990847135182002,83.28396298019247,62.45279113866115,49
audio_noise_5_5_xiugai_jiazao_vad_processed.wav,0.1752282493580775,0.015902438230378936,0.015227243539386317,0.0005896143221814586,0.48093023255813944,0.020728191508226915,0.020908540268912847,3.148722154228582,96.5612878001219,58.93198094498682,43
audio_noise_6_1_xiugai_jiazao_vad_processed.wav,8.450857269051953,10.228621957619726,0.08077320188674005,0.06608206350027165,0.2561875,0.1727678965946799,0.11216119166766743,3.100358081654195,71.2982743386942,54.97798043167537,40
audio_noise_6_2_xiugai_jiazao_vad_processed.wav,9.03158981188309,11.647005362273196,0.08337985205879735,0.0704201059116941,0.2376875,0.17335872084712092,0.1149624917848473,3.193643944951223,69.53219056792577,55.22410828237038,40
audio_noise_6_3_xiugai_jiazao_vad_processed.wav,6.488693957770087,10.18239368023733,0.06833397806556889,0.0640244497317553,0.2603260869565217,0.1974667065331164,0.09297377671651598,2.9345344871055947,73.30296654988783,57.508564665845114,46
audio_noise_6_4_xiugai_jiazao_vad_processed.wav,11.705641736986232,14.706615691564025,0.09448481103538683,0.08124190702211664,0.24202702702702703,0.17561170872841245,0.12994296450771922,3.0614009847419843,68.41518806292643,55.100062316147834,37
audio_noise_6_5_xiugai_jiazao_vad_processed.wav,9.191423155788069,10.49745403194422,0.08556488966868693,0.06610108728461715,0.2397297297297297,0.1615400793123839,0.11968243548964774,3.1907852919777002,69.11674360684567,54.82112355838046,37
audio_noise_7_1_xiugai_jiazao_vad_processed.wav,4.638640520937613,3.8598683138508396,0.06535052384121111,0.0339770815915403,0.4111818181818182,0.17201007802494817,0.09511467358215872,3.7398231311847336,91.06980159910545,49.25785460504773,55
audio_noise_7_2_xiugai_jiazao_vad_processed.wav,3.821160555694288,3.270586869298068,0.05942352212643094,0.030966382664133346,0.4099545454545455,0.17540439697835067,0.08607423214165055,3.713402215829117,92.35897844571575,49.68419009189977,55
audio_noise_7_3_xiugai_jiazao_vad_processed.wav,4.435212430014462,3.2929933083758085,0.06560026040827792,0.033452023922288736,0.38923076923076927,0.18312888120167586,0.09356798759891216,3.7038111243528036,90.72516632947855,49.152436899890276,52
audio_noise_7_4_xiugai_jiazao_vad_processed.wav,5.279670590591631,4.249752467827248,0.06973813794451195,0.039008463993206934,0.3905454545454545,0.2027575191460182,0.09988620169736821,3.6772156242205534,90.29847594101726,49.87401588742031,55
audio_noise_7_5_xiugai_jiazao_vad_processed.wav,3.290091980346623,3.5243836381968916,0.05342382921752986,0.03456628530464233,0.3990625,0.1992850992454027,0.07586038061135164,3.427285619060769,92.42047444654179,51.83036237751675,64
audio_noise_8_1_xiugai_jiazao_vad_processed.wav,7.236025543494342,6.961173728456414,0.07877759358772686,0.05160966588297738,0.2423529411764706,0.1530906368122648,0.11235845614549266,3.554773955962314,65.96601269472717,51.439864612404165,34
audio_noise_8_2_xiugai_jiazao_vad_processed.wav,7.543481496720606,6.497088386729521,0.07976382243721308,0.04876884479624285,0.2511764705882353,0.15299970599514914,0.11648452017941813,3.553976380959132,65.18264645643039,50.73983651419345,34
audio_noise_8_3_xiugai_jiazao_vad_processed.wav,9.65378371380182,10.66342504066885,0.08239705922595178,0.06921382565422707,0.2997093023255814,0.16802391968968391,0.11882219043840454,3.3161233455185277,70.81533157788175,50.88783489892633,43
audio_noise_8_4_xiugai_jiazao_vad_processed.wav,7.6274727689149975,7.0660774622369455,0.07817621259528199,0.05307480624277092,0.2640540540540541,0.162393781658666,0.11357887082910549,3.4696782384284584,66.8167475844993,51.339668999880864,37
audio_noise_8_5_xiugai_jiazao_vad_processed.wav,9.511959012880931,7.981408363826031,0.0891665101651885,0.0570114701636911,0.24977941176470586,0.13997947282162013,0.12969193053645367,3.4474095249412673,66.47873490075784,49.97324381397201,34
audio_noise_9_1_xiugai_jiazao_vad_processed.wav,3.6862655090117142,6.060743744476668,0.04935821159792673,0.04576579897247832,0.3335204081632653,0.17645453710556586,0.07035727958171822,3.4498108871057567,81.28808285715397,55.72131175301367,49
audio_noise_9_2_xiugai_jiazao_vad_processed.wav,2.4127850858053073,3.7847584749482386,0.04132636203686055,0.03580787542274497,0.3716847826086956,0.1604130659421256,0.058503693271035224,3.3493140212163173,85.6367168210497,56.244603643783705,46
audio_noise_9_3_xiugai_jiazao_vad_processed.wav,3.7982791750895455,6.606906176053638,0.048112526956446286,0.04874016016293978,0.3516304347826087,0.16007319775321976,0.0684045055553708,3.3518557064876937,82.91445591152743,56.40587634646518,46
audio_noise_9_4_xiugai_jiazao_vad_processed.wav,3.350617168832916,5.655533589216991,0.049661520017277985,0.04155904552184264,0.3083181818181819,0.196921797206089,0.0700623783814587,3.3692435450679707,81.84726096732282,57.02323788455851,55
audio_noise_9_5_xiugai_jiazao_vad_processed.wav,6.600497895275824,7.243248206445367,0.07646460715143161,0.049208070832571914,0.23306122448979597,0.19371256406348983,0.10800024397359166,3.2969213995447566,64.51082115066815,54.46716783071079,49
audio_noise_cheng_1_xiugai_jiazao_vad_processed.wav,4.080920787644901,5.5415067113360745,0.05575636777156465,0.04733863888048771,0.3002884615384615,0.1878392148516775,0.07768527394757806,3.288044356823422,76.74315122627083,56.124397650811716,52
audio_noise_cheng_2_xiugai_jiazao_vad_processed.wav,2.6723541677288654,3.406856765534703,0.046796207054870434,0.035095932873496626,0.3222115384615385,0.19549410639734047,0.06539343007026624,3.2850427946048346,79.91593599794848,56.6799990817118,52
audio_noise_cheng_3_xiugai_jiazao_vad_processed.wav,2.907808027622767,4.235806618811353,0.04740304612928355,0.038266418428316594,0.3288942307692307,0.19505510406180643,0.0663629149938041,3.347040576994483,80.11086268724954,56.46776218598099,52
audio_noise_cheng_4_xiugai_jiazao_vad_processed.wav,2.768793464317702,3.6522371663004907,0.04645503047001725,0.03754547715701299,0.3083653846153846,0.18650368926503158,0.06516888697429246,3.3952997195490133,77.3936066975448,56.77345243070844,52
audio_noise_cheng_5_xiugai_jiazao_vad_processed.wav,4.387891793891601,4.776673683258035,0.06030074179288354,0.04315656858652069,0.2753448275862068,0.19715402273385824,0.08556200539641029,3.459773423368958,71.28051101326086,55.35486690628377,58
audio_noise_dai_1_xiugai_jiazao_vad_processed.wav,5.498286043280846,6.724557778900006,0.06359322243411687,0.0503121635743095,0.3444354838709677,0.12902348760515708,0.0930233719901095,4.033663089830557,75.64728040556498,49.889371355831294,31
audio_noise_dai_2_xiugai_jiazao_vad_processed.wav,3.8681477078907536,5.230829770803171,0.05246070026187939,0.04107151108965691,0.37124999999999997,0.1304643150443829,0.07772191198901073,3.8959747615657383,79.81625160053049,50.607215929523605,40
audio_noise_dai_3_xiugai_jiazao_vad_processed.wav,4.589858038498949,6.014753588977017,0.05608954197672172,0.0428637376478086,0.3506617647058824,0.13032102447577376,0.08472149066623406,4.036919646287077,77.42363648299651,50.67718145659122,34
audio_noise_dai_4_xiugai_jiazao_vad_processed.wav,3.710854698487964,5.182940621823862,0.05082189936873602,0.03962850597545282,0.36939189189189187,0.13294787309801392,0.07539706033645013,3.870335047346535,80.31080788084026,50.58342118862599,37
audio_noise_dai_5_xiugai_jiazao_vad_processed.wav,4.29159821984886,5.70818511776438,0.05564323736544657,0.04418085081506282,0.30133720930232555,0.13173523133014703,0.0809138983443449,3.632945067216861,72.96638778980669,53.06798647848512,43
audio_noise_fang_1_xiugai_jiazao_vad_processed.wav,3.8495163729909523,6.2323847280851465,0.048444307053190985,0.04571044883756834,0.3372272727272726,0.16422107655070065,0.070390973279772,3.2427834734342866,78.41622097373462,55.862984201111296,55
audio_noise_fang_2_xiugai_jiazao_vad_processed.wav,5.662908992489758,8.855632388562142,0.05949252744019517,0.057765221370040545,0.3161057692307692,0.18132486084104316,0.08510565001294704,3.4781739121764934,76.09604780623982,55.146503334935055,52
audio_noise_fang_3_xiugai_jiazao_vad_processed.wav,3.752175041237844,6.927712827199919,0.046939339309035634,0.048830179591292884,0.35352459016393445,0.16842774454652285,0.06691787296231533,3.416435551984224,81.82035098876032,55.67407107917565,61
audio_noise_fang_4_xiugai_jiazao_vad_processed.wav,5.007489958080511,6.812425914602135,0.05921453743324342,0.0507920424855027,0.3169711538461539,0.18738800279360557,0.08476722845000494,3.5941037188584457,76.81920544372721,54.94765550076907,52
audio_noise_fang_5_xiugai_jiazao_vad_processed.wav,2.770902683718542,6.735825445421722,0.036517819831293756,0.04796815973896827,0.4040294117647059,0.1376125710942986,0.050560080285842926,3.137807219597913,89.06562473229292,56.668822096140275,85
audio_noise_gu_1_xiugai_jiazao_vad_processed.wav,5.201043268584948,5.971779121939733,0.0645625690879725,0.05568833584098337,0.27199999999999996,0.2132131882327255,0.08670228395088395,2.8835567244818154,74.10078257490883,58.8863938463005,55
audio_noise_gu_2_xiugai_jiazao_vad_processed.wav,15.988764921694948,11.95488707135055,0.1253523865329149,0.07313161248110515,0.14737499999999998,0.17088002918714637,0.172479782342915,3.13853612881723,53.23864180045804,55.71388081125417,40
audio_noise_gu_3_xiugai_jiazao_vad_processed.wav,10.572208720859422,8.994894559095343,0.09811938616614196,0.06534435919478133,0.19237500000000002,0.18938217808178254,0.1354760950369919,2.9817163274868124,59.49898941640058,57.081474496520755,40
audio_noise_gu_4_xiugai_jiazao_vad_processed.wav,7.786127433050228,8.792496131605523,0.07892199341318316,0.07008962191501326,0.2679310344827586,0.21723782153627486,0.10470436247367026,2.7548283765139745,72.51390465251087,58.14578433456492,58
audio_noise_gu_5_xiugai_jiazao_vad_processed.wav,15.497274151903628,15.362076429133088,0.11412887614057525,0.08952187209183289,0.2011627906976744,0.18987323558683042,0.15557594688192528,3.003702969732061,61.356207587809784,57.29008445081204,43
audio_noise_han_1_xiugai_jiazao_vad_processed.wav,2.7797768388271353,6.038107705165666,0.03878820290808741,0.04093949106956982,0.3754891304347826,0.12789646326867354,0.05651057139514232,3.5971670881745994,82.98165682642858,54.44113397980204,46
audio_noise_han_2_xiugai_jiazao_vad_processed.wav,2.2952742337703205,4.377263713230447,0.039368047198375215,0.03316694343465727,0.31147959183673474,0.1508647846814367,0.05672329042646014,3.372758818429611,79.19949845849123,57.821233534393265,49
audio_noise_han_3_xiugai_jiazao_vad_processed.wav,1.933734809345081,4.956218809022278,0.03085153981990531,0.03567663860177499,0.41417910447761197,0.12170307951476472,0.044345768887261945,3.2981398040362944,88.32361268429769,56.23214373375239,67
audio_noise_han_4_xiugai_jiazao_vad_processed.wav,2.8266808748677756,2.846756722706542,0.04934300622566554,0.031021963108281113,0.2569711538461539,0.15555061671432582,0.07086670150504079,3.5986693850466946,69.8946653668373,56.02085274342304,52
audio_noise_han_5_xiugai_jiazao_vad_processed.wav,3.3004027837392695,3.809027538050756,0.05096081725124125,0.035536482429314536,0.2578365384615385,0.15155684771074435,0.07408624945363265,3.548884579993389,70.646582262661,55.504126294947255,52
audio_noise_hao_1_xiugai_jiazao_vad_processed.wav,6.345791285124659,9.986553481097026,0.0642295212992053,0.06053085400124402,0.30848837209302327,0.17036822256553777,0.09162164214265983,3.4323680574917366,75.21628705462926,53.8925723102672,43
audio_noise_hao_2_xiugai_jiazao_vad_processed.wav,2.7215831313554575,5.971753594735422,0.03950309006864522,0.04280136740434152,0.38757142857142857,0.1641841145464072,0.05561057726701654,3.1404231526038617,86.24844181230556,55.55107946440841,70
audio_noise_hao_3_xiugai_jiazao_vad_processed.wav,4.240857496350438,5.703551998428865,0.056065706877950525,0.04567232556113557,0.3048837209302325,0.1658811509684563,0.07978694300931251,3.501080518449769,76.42581595621733,54.309237525942535,43
audio_noise_hao_4_xiugai_jiazao_vad_processed.wav,5.57439655313151,8.63573411879631,0.06238844917984231,0.056198900310562946,0.2954651162790698,0.16166939403972705,0.0883504026815282,3.506304038906948,72.9977745773699,54.42022369728665,43
audio_noise_hao_5_xiugai_jiazao_vad_processed.wav,5.084488954771786,7.093899234612276,0.06079213085290793,0.05112875271664619,0.2978804347826088,0.1655064423014682,0.08610331923835714,3.4288514031457757,74.96120648558845,53.94645335433885,46
audio_noise_qi_1_xiugai_jiazao_vad_processed.wav,2.2964142031730606,2.4544471390626095,0.04558057345088172,0.02618156098240202,0.43409482758620693,0.1703373290353624,0.06553023613483455,3.8168533325559193,96.48270812825726,51.0358684794242,58
audio_noise_qi_2_xiugai_jiazao_vad_processed.wav,3.7045672244836796,2.7310649149216313,0.06160998473277878,0.030929903291451462,0.3363181818181819,0.2253783962308795,0.0862917123789245,3.4543371095373003,87.32553195227865,53.17703782222528,55
audio_noise_qi_3_xiugai_jiazao_vad_processed.wav,3.5729967614145512,3.78420524821704,0.05456827283265504,0.039694182346882316,0.39832352941176474,0.21136614044997776,0.0762400028232856,3.227405219188848,91.57282810632826,53.24905102190454,85
audio_noise_qi_4_xiugai_jiazao_vad_processed.wav,3.8828220505171016,2.632132817905809,0.06325288648551365,0.029870841760351284,0.34950819672131145,0.24253604585580912,0.08913856716076488,3.434008884431083,87.83164817062374,52.74627556687636,61
audio_noise_qi_5_xiugai_jiazao_vad_processed.wav,4.382923695727586,3.4271248434361965,0.06630935148300071,0.03503778384151554,0.34331896551724134,0.2302558490454032,0.09284803263196424,3.436377439007786,87.07220855109784,52.36160813342521,58
audio_noise_wang_1_xiugai_jiazao_vad_processed.wav,0.21684541040808272,0.06506850992340983,0.016594912239030923,0.0019229284611601313,0.43336206896551727,0.0529731383705254,0.023053870102204683,3.3052752321691474,92.29130272370614,59.37101803561425,58
audio_noise_wang_2_xiugai_jiazao_vad_processed.wav,0.2923715338572849,0.15028999068586033,0.018682545194342735,0.004194111513508387,0.4015697674418604,0.10191484027062878,0.026245399090526908,3.3517371379990974,90.63050176686029,59.381469204592364,43
audio_noise_wang_3_xiugai_jiazao_vad_processed.wav,2.219864045652585,3.4532816684627328,0.039396833339184756,0.03528740583600981,0.3528488372093024,0.1631499358517047,0.055290390726020856,3.237861130267687,81.85548746400146,56.67750031323073,43
audio_noise_wang_4_xiugai_jiazao_vad_processed.wav,1.6494723754677938,1.8048768503917196,0.038412015120589046,0.024855604798110362,0.31536764705882353,0.1635229480578261,0.053987103387149044,3.583976707428465,79.39787208156328,56.03034185736011,34
audio_noise_wang_5_xiugai_jiazao_vad_processed.wav,0.2328899146895182,0.07567929351855017,0.016989510293003825,0.0022595885662011653,0.4360869565217391,0.0599765628453085,0.02383905129691285,3.4781728828864966,92.94057177066594,59.042811648088275,46
audio_noise_wei_1_xiugai_jiazao_vad_processed.wav,7.019776275940507,8.419122619922486,0.07810151386876514,0.05374280081544681,0.20518181818181816,0.1588694822698627,0.11004346368190857,3.499393971761799,62.582798781572926,53.752086381379186,55
audio_noise_wei_2_xiugai_jiazao_vad_processed.wav,1.2153730160701801,1.812459132660358,0.029080167087990334,0.020675287610037438,0.40592857142857136,0.10158843036327253,0.043546431502507914,3.7018187632578092,89.6187049588123,54.23529028707604,70
audio_noise_wei_3_xiugai_jiazao_vad_processed.wav,5.545750111850191,4.935028128183713,0.07164372443429513,0.042092176780944256,0.21646739130434786,0.15445343332897377,0.10132844679769644,3.8425862849324313,68.48267614638465,53.24944628635526,46
audio_noise_wei_4_xiugai_jiazao_vad_processed.wav,5.178655296215884,5.708296289597958,0.06721525328653943,0.04372847731559596,0.22754545454545452,0.16391481359444754,0.09578138060289229,3.929646123332319,66.37487245516469,54.69639136079561,55
audio_noise_wei_5_xiugai_jiazao_vad_processed.wav,1.5540447964989266,2.152593477430905,0.033251793063677794,0.023825781866554343,0.38828358208955227,0.11493120018179717,0.04954647439871157,3.798522226943631,86.8789600173461,53.780588585908916,67
audio_noise_xiang_1_xiugai_jiazao_vad_processed.wav,4.819882793200298,8.061523218183856,0.055251930428965326,0.0544353254574864,0.3750949367088608,0.19721215325654906,0.07837973580372158,3.201035686642806,83.4285669041224,53.321218280839815,79
audio_noise_xiang_2_xiugai_jiazao_vad_processed.wav,4.9779578276023475,5.940913201867114,0.06451473695348559,0.04337838438961567,0.32627272727272727,0.19890831186485303,0.0925611314828891,3.4908541808891203,79.01080618068615,52.24785036900683,55
audio_noise_xiang_3_xiugai_jiazao_vad_processed.wav,2.357879573857302,4.880116968520942,0.038227392431958884,0.03837354484531375,0.42266509433962257,0.1676200882062592,0.05375577287801291,3.112064435726033,90.93366614966641,55.20910091081157,106
audio_noise_xiang_4_xiugai_jiazao_vad_processed.wav,3.9949909665023804,5.873205758353581,0.053990122423810585,0.04409929159823401,0.36699218750000007,0.20063238873052086,0.07729922346757993,3.432390592269808,84.35213642578752,53.1949375997191,64
audio_noise_xiang_5_xiugai_jiazao_vad_processed.wav,4.5236650665059175,6.953744061076561,0.05834420006942642,0.04766141557842912,0.3279591836734694,0.21825880623079746,0.08235274723877405,3.357572643571956,80.90726555579242,53.6582600974996,49
audio_noise_xiao_1_xiugai_jiazao_vad_processed.wav,5.683986994665758,4.8561008704414546,0.07222597701948523,0.0401882755610863,0.35812500000000014,0.19679332860311172,0.10378309847602539,3.5951861835417698,83.7261592126534,48.81132738027231,52
audio_noise_xiao_2_xiugai_jiazao_vad_processed.wav,6.02093729908351,4.821267788243344,0.07437852272476966,0.03836170723964324,0.34545918367346945,0.20475325710037234,0.10864435158509743,3.7407760525217464,80.8960683274176,48.81106481214184,49
audio_noise_xiao_3_xiugai_jiazao_vad_processed.wav,3.972680196600446,4.757619554843643,0.055547923106402636,0.041231435487463906,0.39393835616438355,0.19235157852661713,0.07936866083486291,3.4371792653899034,89.12291914998018,51.87011322323867,73
audio_noise_xiao_4_xiugai_jiazao_vad_processed.wav,5.009392264080944,5.093336558216597,0.0643056986535691,0.045469332184974315,0.31427272727272726,0.19202194046471543,0.09094958594577106,3.3868714574179815,78.16074590352214,53.00897212010274,55
audio_noise_xiao_5_xiugai_jiazao_vad_processed.wav,7.279902953617697,5.529218542136085,0.08533257028471426,0.04236430388237279,0.3164673913043478,0.22667047529719342,0.1209210008797738,3.6283924773190503,78.5291646732244,48.821532059191775,46
audio_noise_yu_1_xiugai_jiazao_vad_processed.wav,6.331865875651478,5.8167223853584735,0.07416831225173047,0.04923966964000524,0.2207432432432432,0.16718441919602975,0.10471300098355855,3.1640808815240105,66.10179162582357,57.461821129083106,37
audio_noise_yu_2_xiugai_jiazao_vad_processed.wav,3.995763720603692,4.823160187937247,0.0548738971331763,0.04546786287037971,0.2895408163265306,0.1922256018523466,0.07662513064241844,3.018592467320813,76.57526241194633,57.958395864211134,49
audio_noise_yu_3_xiugai_jiazao_vad_processed.wav,4.677574674926828,5.223547348835708,0.06124772130156995,0.04723747118659572,0.2672826086956522,0.18943123256595143,0.08521255760652474,3.0157926093504117,73.51442868936856,57.57050768065445,46
audio_noise_yu_4_xiugai_jiazao_vad_processed.wav,5.473860625032733,6.436848379591928,0.06591000461606603,0.05098810237962611,0.2607432432432433,0.19460967940781132,0.09316957235285099,3.188865327209128,69.5503994802206,57.43604184099357,37
audio_noise_yu_5_xiugai_jiazao_vad_processed.wav,7.165751763642426,7.071774965467779,0.07942849717219722,0.054824713792028405,0.21155405405405406,0.17690120864115025,0.11044645054640535,3.1076045826567165,64.62056225657086,57.46352981265057,37
audio_noise_zheng_1_xiugai_jiazao_vad_processed.wav,4.758819668329455,7.255365211470338,0.05655616478483064,0.05211906029490388,0.30094594594594587,0.17792284175647538,0.08001896713396842,3.3669960063837197,78.2659087257684,55.9804712786612,37
audio_noise_zheng_2_xiugai_jiazao_vad_processed.wav,6.180594457350854,9.405506066832137,0.06572202591111702,0.059870403340440734,0.29293749999999996,0.18182141607563726,0.09198079291096586,3.3521355618189674,73.69949557404595,55.35288817530576,40
audio_noise_zheng_3_xiugai_jiazao_vad_processed.wav,5.997554805704312,8.213972139052519,0.06604146305581425,0.0570869125529559,0.28661764705882353,0.18374062836539645,0.09280989700205244,3.231887030732807,74.12515918050275,55.13175783718158,34
audio_noise_zheng_4_xiugai_jiazao_vad_processed.wav,3.577902577478649,6.960585403666471,0.04517192737853313,0.049766571658427614,0.3543181818181818,0.1620861545216102,0.06328226171925933,3.2277165266038272,83.99973948227895,55.92765967869542,55
audio_noise_zheng_5_xiugai_jiazao_vad_processed.wav,4.480576002637974,7.4024830237478385,0.05425506724115596,0.05200742340586448,0.32987500000000003,0.18255987887539804,0.07622931378493455,3.2361689207977626,80.66928389311617,55.610328343568156,40
audio_noise_zi_1_xiugai_jiazao_vad_processed.wav,0.34544635443957805,0.25264102532290716,0.019622625416009308,0.005918894236715721,0.46624999999999994,0.12332913901674755,0.027888637918938176,3.509417221909376,98.71698189345273,60.407586827706666,49
audio_noise_zi_2_xiugai_jiazao_vad_processed.wav,0.2971347595506432,0.1394742588664465,0.018734464273074514,0.0037869102394912256,0.45326923076923076,0.11482484409954671,0.026592634161932843,3.4856137602153274,97.0693370941089,59.62397944907745,52
audio_noise_zi_3_xiugai_jiazao_vad_processed.wav,1.5480535757577711,1.5195772517760973,0.03827257896733876,0.02020759387958783,0.31749999999999995,0.2110514801481555,0.05498152964771308,3.6299171745087992,79.45081969659024,60.944442368603916,55
audio_noise_zi_4_xiugai_jiazao_vad_processed.wav,1.4815803573246282,1.666634757688428,0.0370383194555429,0.021614550719343373,0.31036363636363634,0.2038082979518979,0.0526508722964309,3.5259897939104445,80.7476940919317,61.10168724806477,55
audio_noise_zi_5_xiugai_jiazao_vad_processed.wav,0.43350343776836253,0.35785241606079693,0.021848570862460327,0.008195535797520782,0.43520408163265295,0.13556743627899231,0.030721844382974456,3.399188512558413,95.32871546590023,60.75268848051279,49
audio_qi_1_xiugai_vad_processed.wav,2.0970390011878917,2.4642480500694544,0.04067422056957365,0.030032354755267554,0.32804545454545453,0.20235920521163422,0.05829476524511143,3.926410177772513,74.36003927567292,36.42056399497358,55
audio_qi_2_xiugai_vad_processed.wav,3.558772125714697,2.738315536515469,0.058120265575787755,0.035016419489593116,0.24756818181818185,0.2400021801726045,0.08111257060358537,3.470728356947635,64.0665508734378,36.803585545950256,55
audio_qi_3_xiugai_vad_processed.wav,3.4101261885645267,3.7790590615232493,0.048187942061088666,0.045097846869381945,0.21326470588235297,0.23747934075143678,0.06761673468305641,3.4197476240702738,59.6139498040085,38.24982079735826,85
audio_qi_4_xiugai_vad_processed.wav,3.7267534011062464,2.6444213205052316,0.05984617222353492,0.03421349317586809,0.2437090163934426,0.2621064543316536,0.08394143887466197,3.415671015032549,63.19262691389988,35.534465908059914,61
audio_qi_5_xiugai_vad_processed.wav,4.362817723136135,3.4841498053807896,0.06407805276004926,0.03947792427668266,0.2290454545454546,0.24334855795988813,0.08916395003476264,3.4149653924404504,61.32869427575379,36.692296684412526,55
audio_wang_1_xiugai_vad_processed.wav,0.05424137921980397,0.06128914461690885,0.006718578243116481,0.0047425011634295204,0.0920905172413793,0.07365437544468255,0.009493558012757045,3.3284007012219883,25.233784672273938,29.194523079589825,58
audio_wang_2_xiugai_vad_processed.wav,0.13417157221864784,0.15201060974765393,0.01043580407414795,0.007785772537551777,0.1184302325581395,0.07234249783473869,0.014745179593814437,3.4983279902718323,30.893396944536885,31.924921139118762,43
audio_wang_3_xiugai_vad_processed.wav,2.0720063326552403,3.482778449810439,0.032285182423411954,0.03964363645544461,0.1421511627906977,0.10879170063269943,0.04566976596355433,3.357450557486766,36.67333974134194,33.89721942120651,43
audio_wang_4_xiugai_vad_processed.wav,0.7111758785981313,1.4339448573402205,0.01637841096940395,0.025428248506866494,0.13108928571428574,0.11141058262534295,0.023030851467623646,3.39850509844552,43.462091387829844,41.513236947064705,70
audio_wang_5_xiugai_vad_processed.wav,0.07146324089555871,0.06896965671430692,0.007966238141437177,0.004820384237351683,0.13570652173913045,0.1251897071789605,0.011417994281042251,3.4790577516397545,30.474573397231758,30.635198756126037,46
audio_wei_1_xiugai_vad_processed.wav,7.457173100688006,8.703703500788007,0.0785067751554359,0.05853770555690016,0.08028061224489796,0.03300748340679195,0.11059164488446996,3.5222657388922824,30.283658525703142,32.17739575485291,49
audio_wei_2_xiugai_vad_processed.wav,1.4954318815759609,2.005801717809719,0.029157522526994724,0.025711922336035246,0.24331632653061222,0.11713239038072064,0.045452278659370626,4.408175137616312,57.24165938515646,36.829709160391964,49
audio_wei_3_xiugai_vad_processed.wav,5.372755565482489,4.89687603572347,0.06759678988604928,0.04647338238143168,0.0901358695652174,0.03373915713594304,0.09548919430024218,3.8918739631218218,37.522857822797725,35.213055823187666,46
audio_wei_4_xiugai_vad_processed.wav,5.037697548899493,5.712800211887061,0.06296023034265727,0.04791736115080524,0.08640909090909092,0.038755538127307566,0.08996582811449992,3.982886710508974,32.142831934845134,33.745066501860656,55
audio_wei_5_xiugai_vad_processed.wav,1.4024972562100484,2.1620775290538523,0.025869004946155776,0.028244117831594417,0.13464552238805969,0.10739186811933177,0.03967895520079142,3.8839421400710514,38.76680849896146,31.528005152654742,67
audio_xiang_1_xiugai_vad_processed.wav,4.7760341751512785,8.177347197721657,0.048163815961257184,0.060403483579466594,0.1641282894736842,0.1695611619848515,0.06857745889499593,3.630584381690116,46.07079084791524,35.72743130050936,76
audio_xiang_2_xiugai_vad_processed.wav,4.829912385193092,5.9927735325602045,0.06016024583905448,0.04751903088633941,0.2003636363636364,0.21953213068924257,0.08647082139948557,3.510378093177804,51.069760717326936,34.194961740740965,55
audio_xiang_3_xiugai_vad_processed.wav,2.246146384120232,4.94815544901453,0.02937020361198385,0.043974408906079315,0.13787621359223298,0.1770512441377119,0.04172413127022093,3.381226004210323,45.05605238949152,39.54281131683133,103
audio_xiang_4_xiugai_vad_processed.wav,3.8466032237645624,5.887216448523571,0.04904931278168008,0.047772545480869566,0.21228515625,0.2468603194495332,0.0703790287204996,3.406030105212113,50.64817305063683,29.223373149109293,64
audio_xiang_5_xiugai_vad_processed.wav,4.355053855541052,6.937565445666868,0.05313030578720682,0.05160981614479549,0.1730357142857143,0.2257334982781642,0.07499176895617161,3.2982003488236877,45.024464972691845,32.00724144514757,49
audio_xiao_1_xiugai_vad_processed.wav,5.511868952196426,4.86767097117166,0.06811825311332956,0.044410535376645986,0.2741826923076923,0.22186746799449877,0.09824536757755847,3.8426923568862055,62.83262176402324,31.116811775906925,52
audio_xiao_2_xiugai_vad_processed.wav,5.900711579474007,4.851796176135985,0.07104173282526753,0.04255690059455249,0.24719387755102043,0.22788884276417126,0.10409688287231618,3.8229944339158974,57.53567637064089,30.607400246621868,49
audio_xiao_3_xiugai_vad_processed.wav,5.308878368681088,5.175774956447948,0.06585092156677579,0.0457974654602542,0.19046195652173917,0.19192590825424144,0.09410646512731624,3.6816180058709658,47.67493512318872,30.56089756576158,46
audio_xiao_4_xiugai_vad_processed.wav,6.116225793076,4.912152054448487,0.0737431203747359,0.04635752421587682,0.176929347826087,0.19475941585098816,0.1043807140316507,3.5131346174883067,45.05079121179568,30.747312064924458,46
audio_xiao_5_xiugai_vad_processed.wav,6.9971214643451445,6.245078300280325,0.07705407762675029,0.054687008117989384,0.10594594594594595,0.0878292095554333,0.1076866562849407,3.4451415695336127,31.65648835099152,30.880107941748157,37
audio_yu_1_xiugai_vad_processed.wav,6.654578449421243,5.862605059522151,0.07289370281015374,0.054613055690230686,0.05334558823529412,0.025622257005692217,0.10328119905185926,3.0658071697863107,26.89063680021745,37.49838319138714,34
audio_yu_2_xiugai_vad_processed.wav,3.8580619808655756,4.8596707478710135,0.048064133380639106,0.05099837177820375,0.06408163265306123,0.044356780184711925,0.06736589255913347,3.1728551193847183,32.44409454874335,41.4274201576977,49
audio_yu_3_xiugai_vad_processed.wav,4.528447703727314,5.2257123159984085,0.054722531412392715,0.05304422319459385,0.1104891304347826,0.1167687927864679,0.07636500847731076,3.5346165268946494,37.83262377162851,39.52907852734171,46
audio_yu_4_xiugai_vad_processed.wav,5.62124106515434,6.594754489522271,0.06157495449770834,0.05775425677482989,0.059963235294117644,0.022088735846525438,0.08732614696349977,3.289038323768937,28.082909707834105,36.83795034764247,34
audio_yu_5_xiugai_vad_processed.wav,6.966595218221629,7.013104606620794,0.074712065628147,0.05895211216081705,0.05341216216216216,0.029262685873211364,0.10403836516489506,2.980989619708995,25.490902141997104,38.02465735202086,37
audio_zheng_1_xiugai_vad_processed.wav,4.585165800871445,7.2498427809931805,0.05068112665341325,0.0559623770326241,0.10148648648648648,0.12567178866409756,0.07167019693673735,3.2859760524874306,31.336351166308408,32.05862192125771,37
audio_zheng_2_xiugai_vad_processed.wav,6.4854031886210155,9.558699748904715,0.06465736938508777,0.06399170870838253,0.095472972972973,0.11094471145245968,0.09072236094069709,3.2863631916485794,31.5586726149479,33.34682402529295,37
audio_zheng_3_xiugai_vad_processed.wav,5.822370175605855,8.193201279062556,0.06077220269599772,0.06113782524305243,0.09231617647058823,0.13015408443150817,0.08521391738302864,2.997059995647459,27.599487380209755,29.288646154980743,34
audio_zheng_4_xiugai_vad_processed.wav,2.2188160687453893,5.847174974151908,0.024321700796868316,0.04694208343039762,0.15849999999999997,0.13354083424842272,0.03435478139765656,3.7867614603801507,48.63892327176898,42.48988497282819,85
audio_zheng_5_xiugai_vad_processed.wav,4.655584946198135,7.562720044887173,0.05157407811181438,0.0567548923190497,0.11554054054054053,0.14705456692589275,0.07255642453043172,3.168909107338128,33.63998666645902,33.20875143534896,37
audio_zi_1_xiugai_vad_processed.wav,0.19295610821455578,0.25315804610918863,0.011945359278560221,0.009401221187657327,0.263469387755102,0.28200847447396926,0.017197598568225884,3.7095314468763854,64.66119474514096,43.56193336217217,49
audio_zi_2_xiugai_vad_processed.wav,0.1401670395903016,0.13847019496292248,0.01095021438814294,0.007214619553251468,0.2650961538461538,0.2718384531308838,0.01570453903139944,3.906103855405278,65.92823387485302,42.60183797537418,52
audio_zi_3_xiugai_vad_processed.wav,1.6021980134343334,1.768817589599737,0.03440408318267783,0.028290089306012525,0.043897058823529414,0.014027168707109653,0.04914500818226833,3.33392262780075,19.03678543965793,31.137730418397762,34
audio_zi_4_xiugai_vad_processed.wav,1.6350430348421972,1.7415567680417434,0.03742525353383783,0.02584825032237411,0.07191860465116279,0.07693782828562824,0.05277694835121004,3.3177933560448056,30.09265310436455,41.71284355811168,43
audio_zi_5_xiugai_vad_processed.wav,0.2744980305923062,0.3511149586750042,0.014437581371896036,0.011730627550205795,0.20073979591836735,0.23101841939542042,0.020413831088280595,3.4749114882013186,57.33833149749662,45.74107748203471,49
